_id,idx,series,kode_wilayah,wilayah,tahun,triwulan,bulan,tanggal,nilai,target
1,0,Produksi Daging Ayam Ras Petelur menurut Provinsi_,1,Indonesia,2000,,,,23745,
2,1,Produksi Daging Ayam Ras Petelur menurut Provinsi_,1,Indonesia,2001,,,,88299,
3,2,Produksi Daging Ayam Ras Petelur menurut Provinsi_,1,Indonesia,2002,,,,42773,
4,3,Produksi Daging Ayam Ras Petelur menurut Provinsi_,1,Indonesia,2003,,,,48146,
5,4,Produksi Daging Ayam Ras Petelur menurut Provinsi_,1,Indonesia,2004,,,,48376,
6,5,Produksi Daging Ayam Ras Petelur menurut Provinsi_,1,Indonesia,2005,,,,45193,
7,6,Produksi Daging Ayam Ras Petelur menurut Provinsi_,1,Indonesia,2006,,,,57631,
8,7,Produksi Daging Ayam Ras Petelur menurut Provinsi_,1,Indonesia,2007,,,,58162,
9,8,Produksi Daging Ayam Ras Petelur menurut Provinsi_,1,Indonesia,2008,,,,57274,
10,9,Produksi Daging Ayam Ras Petelur menurut Provinsi_,1,Indonesia,2009,,,,55055,
11,10,Produksi Daging Ayam Ras Petelur menurut Provinsi_,1,Indonesia,2010,,,,57712,
12,11,Produksi Daging Ayam Ras Petelur menurut Provinsi_,1,Indonesia,2011,,,,62146,
13,12,Produksi Daging Ayam Ras Petelur menurut Provinsi_,1,Indonesia,2012,,,,66050,
14,13,Produksi Daging Ayam Ras Petelur menurut Provinsi_,1,Indonesia,2013,,,,77134,
15,14,Produksi Daging Ayam Ras Petelur menurut Provinsi_,1,Indonesia,2014,,,,97195,
16,15,Produksi Daging Ayam Ras Petelur menurut Provinsi_,1,Indonesia,2015,,,,102804,
17,16,Produksi Daging Ayam Ras Petelur menurut Provinsi_,1,Indonesia,2016,,,,105739,
18,17,Produksi Daging Ayam Ras Petelur menurut Provinsi_,11,Aceh,2000,,,,148,
19,18,Produksi Daging Ayam Ras Petelur menurut Provinsi_,11,Aceh,2001,,,,140,
20,19,Produksi Daging Ayam Ras Petelur menurut Provinsi_,11,Aceh,2002,,,,,
21,20,Produksi Daging Ayam Ras Petelur menurut Provinsi_,11,Aceh,2003,,,,2,
22,21,Produksi Daging Ayam Ras Petelur menurut Provinsi_,11,Aceh,2004,,,,34,
23,22,Produksi Daging Ayam Ras Petelur menurut Provinsi_,11,Aceh,2005,,,,44,
24,23,Produksi Daging Ayam Ras Petelur menurut Provinsi_,11,Aceh,2006,,,,79,
25,24,Produksi Daging Ayam Ras Petelur menurut Provinsi_,11,Aceh,2007,,,,125,
26,25,Produksi Daging Ayam Ras Petelur menurut Provinsi_,11,Aceh,2008,,,,332,
27,26,Produksi Daging Ayam Ras Petelur menurut Provinsi_,11,Aceh,2009,,,,432,
28,27,Produksi Daging Ayam Ras Petelur menurut Provinsi_,11,Aceh,2010,,,,453,
29,28,Produksi Daging Ayam Ras Petelur menurut Provinsi_,11,Aceh,2011,,,,1321,
30,29,Produksi Daging Ayam Ras Petelur menurut Provinsi_,11,Aceh,2012,,,,1361,
31,30,Produksi Daging Ayam Ras Petelur menurut Provinsi_,11,Aceh,2013,,,,196,
32,31,Produksi Daging Ayam Ras Petelur menurut Provinsi_,11,Aceh,2014,,,,169,
33,32,Produksi Daging Ayam Ras Petelur menurut Provinsi_,11,Aceh,2015,,,,274,
34,33,Produksi Daging Ayam Ras Petelur menurut Provinsi_,11,Aceh,2016,,,,288,
35,34,Produksi Daging Ayam Ras Petelur menurut Provinsi_,12,Sumatera Utara,2000,,,,6610,
36,35,Produksi Daging Ayam Ras Petelur menurut Provinsi_,12,Sumatera Utara,2001,,,,35382,
37,36,Produksi Daging Ayam Ras Petelur menurut Provinsi_,12,Sumatera Utara,2002,,,,7724,
38,37,Produksi Daging Ayam Ras Petelur menurut Provinsi_,12,Sumatera Utara,2003,,,,8439,
39,38,Produksi Daging Ayam Ras Petelur menurut Provinsi_,12,Sumatera Utara,2004,,,,8270,
40,39,Produksi Daging Ayam Ras Petelur menurut Provinsi_,12,Sumatera Utara,2005,,,,3677,
41,40,Produksi Daging Ayam Ras Petelur menurut Provinsi_,12,Sumatera Utara,2006,,,,2587,
42,41,Produksi Daging Ayam Ras Petelur menurut Provinsi_,12,Sumatera Utara,2007,,,,4880,
43,42,Produksi Daging Ayam Ras Petelur menurut Provinsi_,12,Sumatera Utara,2008,,,,5834,
44,43,Produksi Daging Ayam Ras Petelur menurut Provinsi_,12,Sumatera Utara,2009,,,,4596,
45,44,Produksi Daging Ayam Ras Petelur menurut Provinsi_,12,Sumatera Utara,2010,,,,4832,
46,45,Produksi Daging Ayam Ras Petelur menurut Provinsi_,12,Sumatera Utara,2011,,,,5251,
47,46,Produksi Daging Ayam Ras Petelur menurut Provinsi_,12,Sumatera Utara,2012,,,,8501,
48,47,Produksi Daging Ayam Ras Petelur menurut Provinsi_,12,Sumatera Utara,2013,,,,11074,
49,48,Produksi Daging Ayam Ras Petelur menurut Provinsi_,12,Sumatera Utara,2014,,,,10463,
50,49,Produksi Daging Ayam Ras Petelur menurut Provinsi_,12,Sumatera Utara,2015,,,,10724,
51,50,Produksi Daging Ayam Ras Petelur menurut Provinsi_,12,Sumatera Utara,2016,,,,10750,
52,51,Produksi Daging Ayam Ras Petelur menurut Provinsi_,13,Sumatera Barat,2000,,,,712,
53,52,Produksi Daging Ayam Ras Petelur menurut Provinsi_,13,Sumatera Barat,2001,,,,1523,
54,53,Produksi Daging Ayam Ras Petelur menurut Provinsi_,13,Sumatera Barat,2002,,,,1894,
55,54,Produksi Daging Ayam Ras Petelur menurut Provinsi_,13,Sumatera Barat,2003,,,,2589,
56,55,Produksi Daging Ayam Ras Petelur menurut Provinsi_,13,Sumatera Barat,2004,,,,2935,
57,56,Produksi Daging Ayam Ras Petelur menurut Provinsi_,13,Sumatera Barat,2005,,,,3085,
58,57,Produksi Daging Ayam Ras Petelur menurut Provinsi_,13,Sumatera Barat,2006,,,,3424,
59,58,Produksi Daging Ayam Ras Petelur menurut Provinsi_,13,Sumatera Barat,2007,,,,4686,
60,59,Produksi Daging Ayam Ras Petelur menurut Provinsi_,13,Sumatera Barat,2008,,,,4650,
61,60,Produksi Daging Ayam Ras Petelur menurut Provinsi_,13,Sumatera Barat,2009,,,,5256,
62,61,Produksi Daging Ayam Ras Petelur menurut Provinsi_,13,Sumatera Barat,2010,,,,3460,
63,62,Produksi Daging Ayam Ras Petelur menurut Provinsi_,13,Sumatera Barat,2011,,,,5692,
64,63,Produksi Daging Ayam Ras Petelur menurut Provinsi_,13,Sumatera Barat,2012,,,,4878,
65,64,Produksi Daging Ayam Ras Petelur menurut Provinsi_,13,Sumatera Barat,2013,,,,6218,
66,65,Produksi Daging Ayam Ras Petelur menurut Provinsi_,13,Sumatera Barat,2014,,,,6126,
67,66,Produksi Daging Ayam Ras Petelur menurut Provinsi_,13,Sumatera Barat,2015,,,,6158,
68,67,Produksi Daging Ayam Ras Petelur menurut Provinsi_,13,Sumatera Barat,2016,,,,6181,
69,68,Produksi Daging Ayam Ras Petelur menurut Provinsi_,14,Riau,2000,,,,665,
70,69,Produksi Daging Ayam Ras Petelur menurut Provinsi_,14,Riau,2001,,,,332,
71,70,Produksi Daging Ayam Ras Petelur menurut Provinsi_,14,Riau,2002,,,,306,
72,71,Produksi Daging Ayam Ras Petelur menurut Provinsi_,14,Riau,2003,,,,295,
73,72,Produksi Daging Ayam Ras Petelur menurut Provinsi_,14,Riau,2004,,,,155,
74,73,Produksi Daging Ayam Ras Petelur menurut Provinsi_,14,Riau,2005,,,,236,
75,74,Produksi Daging Ayam Ras Petelur menurut Provinsi_,14,Riau,2006,,,,193,
76,75,Produksi Daging Ayam Ras Petelur menurut Provinsi_,14,Riau,2007,,,,352,
77,76,Produksi Daging Ayam Ras Petelur menurut Provinsi_,14,Riau,2008,,,,621,
78,77,Produksi Daging Ayam Ras Petelur menurut Provinsi_,14,Riau,2009,,,,273,
79,78,Produksi Daging Ayam Ras Petelur menurut Provinsi_,14,Riau,2010,,,,28,
80,79,Produksi Daging Ayam Ras Petelur menurut Provinsi_,14,Riau,2011,,,,133,
81,80,Produksi Daging Ayam Ras Petelur menurut Provinsi_,14,Riau,2012,,,,13,
82,81,Produksi Daging Ayam Ras Petelur menurut Provinsi_,14,Riau,2013,,,,24,
83,82,Produksi Daging Ayam Ras Petelur menurut Provinsi_,14,Riau,2014,,,,502,
84,83,Produksi Daging Ayam Ras Petelur menurut Provinsi_,14,Riau,2015,,,,1262,
85,84,Produksi Daging Ayam Ras Petelur menurut Provinsi_,14,Riau,2016,,,,1313,
86,85,Produksi Daging Ayam Ras Petelur menurut Provinsi_,15,Jambi,2000,,,,73,
87,86,Produksi Daging Ayam Ras Petelur menurut Provinsi_,15,Jambi,2001,,,,59,
88,87,Produksi Daging Ayam Ras Petelur menurut Provinsi_,15,Jambi,2002,,,,300,
89,88,Produksi Daging Ayam Ras Petelur menurut Provinsi_,15,Jambi,2003,,,,167,
90,89,Produksi Daging Ayam Ras Petelur menurut Provinsi_,15,Jambi,2004,,,,176,
91,90,Produksi Daging Ayam Ras Petelur menurut Provinsi_,15,Jambi,2005,,,,261,
92,91,Produksi Daging Ayam Ras Petelur menurut Provinsi_,15,Jambi,2006,,,,190,
93,92,Produksi Daging Ayam Ras Petelur menurut Provinsi_,15,Jambi,2007,,,,107,
94,93,Produksi Daging Ayam Ras Petelur menurut Provinsi_,15,Jambi,2008,,,,99,
95,94,Produksi Daging Ayam Ras Petelur menurut Provinsi_,15,Jambi,2009,,,,132,
96,95,Produksi Daging Ayam Ras Petelur menurut Provinsi_,15,Jambi,2010,,,,357,
97,96,Produksi Daging Ayam Ras Petelur menurut Provinsi_,15,Jambi,2011,,,,459,
98,97,Produksi Daging Ayam Ras Petelur menurut Provinsi_,15,Jambi,2012,,,,358,
99,98,Produksi Daging Ayam Ras Petelur menurut Provinsi_,15,Jambi,2013,,,,634,
100,99,Produksi Daging Ayam Ras Petelur menurut Provinsi_,15,Jambi,2014,,,,2098,
101,100,Produksi Daging Ayam Ras Petelur menurut Provinsi_,15,Jambi,2015,,,,2118,
102,101,Produksi Daging Ayam Ras Petelur menurut Provinsi_,15,Jambi,2016,,,,2353,
103,102,Produksi Daging Ayam Ras Petelur menurut Provinsi_,16,Sumatera Selatan,2000,,,,364,
104,103,Produksi Daging Ayam Ras Petelur menurut Provinsi_,16,Sumatera Selatan,2001,,,,350,
105,104,Produksi Daging Ayam Ras Petelur menurut Provinsi_,16,Sumatera Selatan,2002,,,,376,
106,105,Produksi Daging Ayam Ras Petelur menurut Provinsi_,16,Sumatera Selatan,2003,,,,363,
107,106,Produksi Daging Ayam Ras Petelur menurut Provinsi_,16,Sumatera Selatan,2004,,,,481,
108,107,Produksi Daging Ayam Ras Petelur menurut Provinsi_,16,Sumatera Selatan,2005,,,,482,
109,108,Produksi Daging Ayam Ras Petelur menurut Provinsi_,17,Bengkulu,2016,,,,50,
110,109,Produksi Daging Ayam Ras Petelur menurut Provinsi_,16,Sumatera Selatan,2006,,,,2967,
111,110,Produksi Daging Ayam Ras Petelur menurut Provinsi_,16,Sumatera Selatan,2007,,,,1345,
112,111,Produksi Daging Ayam Ras Petelur menurut Provinsi_,16,Sumatera Selatan,2008,,,,2002,
113,112,Produksi Daging Ayam Ras Petelur menurut Provinsi_,16,Sumatera Selatan,2009,,,,3184,
114,113,Produksi Daging Ayam Ras Petelur menurut Provinsi_,16,Sumatera Selatan,2010,,,,3,
115,114,Produksi Daging Ayam Ras Petelur menurut Provinsi_,16,Sumatera Selatan,2011,,,,3,
116,115,Produksi Daging Ayam Ras Petelur menurut Provinsi_,16,Sumatera Selatan,2012,,,,4942,
117,116,Produksi Daging Ayam Ras Petelur menurut Provinsi_,16,Sumatera Selatan,2013,,,,4764,
118,117,Produksi Daging Ayam Ras Petelur menurut Provinsi_,16,Sumatera Selatan,2014,,,,4537,
119,118,Produksi Daging Ayam Ras Petelur menurut Provinsi_,16,Sumatera Selatan,2015,,,,4610,
120,119,Produksi Daging Ayam Ras Petelur menurut Provinsi_,16,Sumatera Selatan,2016,,,,4818,
121,120,Produksi Daging Ayam Ras Petelur menurut Provinsi_,17,Bengkulu,2000,,,,5,
122,121,Produksi Daging Ayam Ras Petelur menurut Provinsi_,17,Bengkulu,2001,,,,11,
123,122,Produksi Daging Ayam Ras Petelur menurut Provinsi_,17,Bengkulu,2002,,,,11,
124,123,Produksi Daging Ayam Ras Petelur menurut Provinsi_,17,Bengkulu,2003,,,,68,
125,124,Produksi Daging Ayam Ras Petelur menurut Provinsi_,17,Bengkulu,2004,,,,37,
126,125,Produksi Daging Ayam Ras Petelur menurut Provinsi_,17,Bengkulu,2005,,,,25,
127,126,Produksi Daging Ayam Ras Petelur menurut Provinsi_,17,Bengkulu,2006,,,,23,
128,127,Produksi Daging Ayam Ras Petelur menurut Provinsi_,17,Bengkulu,2007,,,,21,
129,128,Produksi Daging Ayam Ras Petelur menurut Provinsi_,17,Bengkulu,2008,,,,29,
130,129,Produksi Daging Ayam Ras Petelur menurut Provinsi_,17,Bengkulu,2009,,,,129,
131,130,Produksi Daging Ayam Ras Petelur menurut Provinsi_,17,Bengkulu,2010,,,,21,
132,131,Produksi Daging Ayam Ras Petelur menurut Provinsi_,17,Bengkulu,2011,,,,44,
133,132,Produksi Daging Ayam Ras Petelur menurut Provinsi_,17,Bengkulu,2012,,,,127,
134,133,Produksi Daging Ayam Ras Petelur menurut Provinsi_,17,Bengkulu,2013,,,,26,
135,134,Produksi Daging Ayam Ras Petelur menurut Provinsi_,17,Bengkulu,2014,,,,25,
136,135,Produksi Daging Ayam Ras Petelur menurut Provinsi_,17,Bengkulu,2015,,,,44,
137,136,Produksi Daging Ayam Ras Petelur menurut Provinsi_,18,Lampung,2000,,,,70,
138,137,Produksi Daging Ayam Ras Petelur menurut Provinsi_,18,Lampung,2001,,,,213,
139,138,Produksi Daging Ayam Ras Petelur menurut Provinsi_,18,Lampung,2002,,,,228,
140,139,Produksi Daging Ayam Ras Petelur menurut Provinsi_,18,Lampung,2003,,,,203,
141,140,Produksi Daging Ayam Ras Petelur menurut Provinsi_,18,Lampung,2004,,,,209,
142,141,Produksi Daging Ayam Ras Petelur menurut Provinsi_,18,Lampung,2005,,,,211,
143,142,Produksi Daging Ayam Ras Petelur menurut Provinsi_,18,Lampung,2006,,,,1014,
144,143,Produksi Daging Ayam Ras Petelur menurut Provinsi_,18,Lampung,2007,,,,1368,
145,144,Produksi Daging Ayam Ras Petelur menurut Provinsi_,18,Lampung,2008,,,,1341,
146,145,Produksi Daging Ayam Ras Petelur menurut Provinsi_,18,Lampung,2009,,,,1283,
147,146,Produksi Daging Ayam Ras Petelur menurut Provinsi_,18,Lampung,2010,,,,338,
148,147,Produksi Daging Ayam Ras Petelur menurut Provinsi_,18,Lampung,2011,,,,713,
149,148,Produksi Daging Ayam Ras Petelur menurut Provinsi_,18,Lampung,2012,,,,1527,
150,149,Produksi Daging Ayam Ras Petelur menurut Provinsi_,18,Lampung,2013,,,,1990,
151,150,Produksi Daging Ayam Ras Petelur menurut Provinsi_,18,Lampung,2014,,,,2699,
152,151,Produksi Daging Ayam Ras Petelur menurut Provinsi_,18,Lampung,2015,,,,1877,
153,152,Produksi Daging Ayam Ras Petelur menurut Provinsi_,18,Lampung,2016,,,,1970,
154,153,Produksi Daging Ayam Ras Petelur menurut Provinsi_,19,Kepulauan Bangka Belitung,2000,,,,,
155,154,Produksi Daging Ayam Ras Petelur menurut Provinsi_,19,Kepulauan Bangka Belitung,2001,,,,308,
156,155,Produksi Daging Ayam Ras Petelur menurut Provinsi_,19,Kepulauan Bangka Belitung,2002,,,,502,
157,156,Produksi Daging Ayam Ras Petelur menurut Provinsi_,19,Kepulauan Bangka Belitung,2003,,,,134,
158,157,Produksi Daging Ayam Ras Petelur menurut Provinsi_,19,Kepulauan Bangka Belitung,2004,,,,87,
159,158,Produksi Daging Ayam Ras Petelur menurut Provinsi_,19,Kepulauan Bangka Belitung,2005,,,,134,
160,159,Produksi Daging Ayam Ras Petelur menurut Provinsi_,19,Kepulauan Bangka Belitung,2006,,,,160,
161,160,Produksi Daging Ayam Ras Petelur menurut Provinsi_,19,Kepulauan Bangka Belitung,2007,,,,31,
162,161,Produksi Daging Ayam Ras Petelur menurut Provinsi_,19,Kepulauan Bangka Belitung,2008,,,,52,
163,162,Produksi Daging Ayam Ras Petelur menurut Provinsi_,19,Kepulauan Bangka Belitung,2009,,,,15,
164,163,Produksi Daging Ayam Ras Petelur menurut Provinsi_,19,Kepulauan Bangka Belitung,2010,,,,176,
165,164,Produksi Daging Ayam Ras Petelur menurut Provinsi_,19,Kepulauan Bangka Belitung,2011,,,,25,
166,165,Produksi Daging Ayam Ras Petelur menurut Provinsi_,19,Kepulauan Bangka Belitung,2012,,,,14,
167,166,Produksi Daging Ayam Ras Petelur menurut Provinsi_,19,Kepulauan Bangka Belitung,2013,,,,22,
168,167,Produksi Daging Ayam Ras Petelur menurut Provinsi_,19,Kepulauan Bangka Belitung,2014,,,,43,
169,168,Produksi Daging Ayam Ras Petelur menurut Provinsi_,19,Kepulauan Bangka Belitung,2015,,,,75,
170,169,Produksi Daging Ayam Ras Petelur menurut Provinsi_,19,Kepulauan Bangka Belitung,2016,,,,41,
171,170,Produksi Daging Ayam Ras Petelur menurut Provinsi_,21,Kepulauan Riau,2000,,,,,
172,171,Produksi Daging Ayam Ras Petelur menurut Provinsi_,21,Kepulauan Riau,2001,,,,,
173,172,Produksi Daging Ayam Ras Petelur menurut Provinsi_,21,Kepulauan Riau,2002,,,,,
174,173,Produksi Daging Ayam Ras Petelur menurut Provinsi_,21,Kepulauan Riau,2003,,,,,
175,174,Produksi Daging Ayam Ras Petelur menurut Provinsi_,21,Kepulauan Riau,2004,,,,,
176,175,Produksi Daging Ayam Ras Petelur menurut Provinsi_,21,Kepulauan Riau,2005,,,,88,
177,176,Produksi Daging Ayam Ras Petelur menurut Provinsi_,21,Kepulauan Riau,2006,,,,212,
178,177,Produksi Daging Ayam Ras Petelur menurut Provinsi_,21,Kepulauan Riau,2007,,,,216,
179,178,Produksi Daging Ayam Ras Petelur menurut Provinsi_,21,Kepulauan Riau,2008,,,,221,
180,179,Produksi Daging Ayam Ras Petelur menurut Provinsi_,21,Kepulauan Riau,2009,,,,165,
181,180,Produksi Daging Ayam Ras Petelur menurut Provinsi_,21,Kepulauan Riau,2010,,,,190,
182,181,Produksi Daging Ayam Ras Petelur menurut Provinsi_,21,Kepulauan Riau,2011,,,,194,
183,182,Produksi Daging Ayam Ras Petelur menurut Provinsi_,21,Kepulauan Riau,2012,,,,182,
184,183,Produksi Daging Ayam Ras Petelur menurut Provinsi_,21,Kepulauan Riau,2013,,,,307,
185,184,Produksi Daging Ayam Ras Petelur menurut Provinsi_,21,Kepulauan Riau,2014,,,,285,
186,185,Produksi Daging Ayam Ras Petelur menurut Provinsi_,21,Kepulauan Riau,2015,,,,352,
187,186,Produksi Daging Ayam Ras Petelur menurut Provinsi_,21,Kepulauan Riau,2016,,,,399,
188,187,Produksi Daging Ayam Ras Petelur menurut Provinsi_,31,DKI Jakarta,2000,,,,23,
189,188,Produksi Daging Ayam Ras Petelur menurut Provinsi_,31,DKI Jakarta,2001,,,,11525,
190,189,Produksi Daging Ayam Ras Petelur menurut Provinsi_,31,DKI Jakarta,2002,,,,10980,
191,190,Produksi Daging Ayam Ras Petelur menurut Provinsi_,31,DKI Jakarta,2003,,,,11480,
192,191,Produksi Daging Ayam Ras Petelur menurut Provinsi_,31,DKI Jakarta,2004,,,,9935,
193,192,Produksi Daging Ayam Ras Petelur menurut Provinsi_,31,DKI Jakarta,2005,,,,7286,
194,193,Produksi Daging Ayam Ras Petelur menurut Provinsi_,31,DKI Jakarta,2006,,,,11826,
195,194,Produksi Daging Ayam Ras Petelur menurut Provinsi_,31,DKI Jakarta,2007,,,,12848,
196,195,Produksi Daging Ayam Ras Petelur menurut Provinsi_,31,DKI Jakarta,2008,,,,12847,
197,196,Produksi Daging Ayam Ras Petelur menurut Provinsi_,31,DKI Jakarta,2009,,,,12800,
198,197,Produksi Daging Ayam Ras Petelur menurut Provinsi_,31,DKI Jakarta,2010,,,,13120,
199,198,Produksi Daging Ayam Ras Petelur menurut Provinsi_,31,DKI Jakarta,2011,,,,13646,
200,199,Produksi Daging Ayam Ras Petelur menurut Provinsi_,31,DKI Jakarta,2012,,,,4536,
201,200,Produksi Daging Ayam Ras Petelur menurut Provinsi_,31,DKI Jakarta,2013,,,,541,
202,201,Produksi Daging Ayam Ras Petelur menurut Provinsi_,31,DKI Jakarta,2014,,,,1337,
203,202,Produksi Daging Ayam Ras Petelur menurut Provinsi_,31,DKI Jakarta,2015,,,,1368,
204,203,Produksi Daging Ayam Ras Petelur menurut Provinsi_,31,DKI Jakarta,2016,,,,1436,
205,204,Produksi Daging Ayam Ras Petelur menurut Provinsi_,32,Jawa Barat,2000,,,,6655,
206,205,Produksi Daging Ayam Ras Petelur menurut Provinsi_,32,Jawa Barat,2001,,,,3963,
207,206,Produksi Daging Ayam Ras Petelur menurut Provinsi_,32,Jawa Barat,2002,,,,4597,
208,207,Produksi Daging Ayam Ras Petelur menurut Provinsi_,32,Jawa Barat,2003,,,,4521,
209,208,Produksi Daging Ayam Ras Petelur menurut Provinsi_,32,Jawa Barat,2004,,,,5203,
210,209,Produksi Daging Ayam Ras Petelur menurut Provinsi_,32,Jawa Barat,2005,,,,5443,
211,210,Produksi Daging Ayam Ras Petelur menurut Provinsi_,32,Jawa Barat,2006,,,,5541,
212,211,Produksi Daging Ayam Ras Petelur menurut Provinsi_,32,Jawa Barat,2007,,,,6136,
213,212,Produksi Daging Ayam Ras Petelur menurut Provinsi_,32,Jawa Barat,2008,,,,5515,
214,213,Produksi Daging Ayam Ras Petelur menurut Provinsi_,32,Jawa Barat,2009,,,,5569,
215,214,Produksi Daging Ayam Ras Petelur menurut Provinsi_,32,Jawa Barat,2010,,,,6023,
216,215,Produksi Daging Ayam Ras Petelur menurut Provinsi_,32,Jawa Barat,2011,,,,6404,
217,216,Produksi Daging Ayam Ras Petelur menurut Provinsi_,32,Jawa Barat,2012,,,,6585,
218,217,Produksi Daging Ayam Ras Petelur menurut Provinsi_,32,Jawa Barat,2013,,,,7512,
219,218,Produksi Daging Ayam Ras Petelur menurut Provinsi_,32,Jawa Barat,2014,,,,7453,
220,219,Produksi Daging Ayam Ras Petelur menurut Provinsi_,32,Jawa Barat,2015,,,,7524,
221,220,Produksi Daging Ayam Ras Petelur menurut Provinsi_,32,Jawa Barat,2016,,,,7857,
222,221,Produksi Daging Ayam Ras Petelur menurut Provinsi_,33,Jawa Tengah,2000,,,,1524,
223,222,Produksi Daging Ayam Ras Petelur menurut Provinsi_,33,Jawa Tengah,2001,,,,1392,
224,223,Produksi Daging Ayam Ras Petelur menurut Provinsi_,33,Jawa Tengah,2002,,,,1507,
225,224,Produksi Daging Ayam Ras Petelur menurut Provinsi_,33,Jawa Tengah,2003,,,,2269,
226,225,Produksi Daging Ayam Ras Petelur menurut Provinsi_,33,Jawa Tengah,2004,,,,1602,
227,226,Produksi Daging Ayam Ras Petelur menurut Provinsi_,33,Jawa Tengah,2005,,,,3357,
228,227,Produksi Daging Ayam Ras Petelur menurut Provinsi_,33,Jawa Tengah,2006,,,,9061,
229,228,Produksi Daging Ayam Ras Petelur menurut Provinsi_,33,Jawa Tengah,2007,,,,6434,
230,229,Produksi Daging Ayam Ras Petelur menurut Provinsi_,33,Jawa Tengah,2008,,,,4677,
231,230,Produksi Daging Ayam Ras Petelur menurut Provinsi_,33,Jawa Tengah,2009,,,,3780,
232,231,Produksi Daging Ayam Ras Petelur menurut Provinsi_,33,Jawa Tengah,2010,,,,9323,
233,232,Produksi Daging Ayam Ras Petelur menurut Provinsi_,33,Jawa Tengah,2011,,,,7942,
234,233,Produksi Daging Ayam Ras Petelur menurut Provinsi_,33,Jawa Tengah,2012,,,,9639,
235,234,Produksi Daging Ayam Ras Petelur menurut Provinsi_,33,Jawa Tengah,2013,,,,9365,
236,235,Produksi Daging Ayam Ras Petelur menurut Provinsi_,33,Jawa Tengah,2014,,,,9222,
237,236,Produksi Daging Ayam Ras Petelur menurut Provinsi_,33,Jawa Tengah,2015,,,,8677,
238,237,Produksi Daging Ayam Ras Petelur menurut Provinsi_,33,Jawa Tengah,2016,,,,9116,
239,238,Produksi Daging Ayam Ras Petelur menurut Provinsi_,34,DI Yogyakarta,2000,,,,464,
240,239,Produksi Daging Ayam Ras Petelur menurut Provinsi_,34,DI Yogyakarta,2001,,,,788,
241,240,Produksi Daging Ayam Ras Petelur menurut Provinsi_,34,DI Yogyakarta,2002,,,,1064,
242,241,Produksi Daging Ayam Ras Petelur menurut Provinsi_,34,DI Yogyakarta,2003,,,,1586,
243,242,Produksi Daging Ayam Ras Petelur menurut Provinsi_,34,DI Yogyakarta,2004,,,,2363,
244,243,Produksi Daging Ayam Ras Petelur menurut Provinsi_,34,DI Yogyakarta,2005,,,,1362,
245,244,Produksi Daging Ayam Ras Petelur menurut Provinsi_,34,DI Yogyakarta,2006,,,,1509,
246,245,Produksi Daging Ayam Ras Petelur menurut Provinsi_,34,DI Yogyakarta,2007,,,,2832,
247,246,Produksi Daging Ayam Ras Petelur menurut Provinsi_,34,DI Yogyakarta,2008,,,,2220,
248,247,Produksi Daging Ayam Ras Petelur menurut Provinsi_,34,DI Yogyakarta,2009,,,,2415,
249,248,Produksi Daging Ayam Ras Petelur menurut Provinsi_,34,DI Yogyakarta,2010,,,,2610,
250,249,Produksi Daging Ayam Ras Petelur menurut Provinsi_,34,DI Yogyakarta,2011,,,,2275,
251,250,Produksi Daging Ayam Ras Petelur menurut Provinsi_,34,DI Yogyakarta,2012,,,,2008,
252,251,Produksi Daging Ayam Ras Petelur menurut Provinsi_,34,DI Yogyakarta,2013,,,,2599,
253,252,Produksi Daging Ayam Ras Petelur menurut Provinsi_,34,DI Yogyakarta,2014,,,,3028,
254,253,Produksi Daging Ayam Ras Petelur menurut Provinsi_,34,DI Yogyakarta,2015,,,,3635,
255,254,Produksi Daging Ayam Ras Petelur menurut Provinsi_,34,DI Yogyakarta,2016,,,,3569,
256,255,Produksi Daging Ayam Ras Petelur menurut Provinsi_,35,Jawa Timur,2000,,,,2085,
257,256,Produksi Daging Ayam Ras Petelur menurut Provinsi_,35,Jawa Timur,2001,,,,4667,
258,257,Produksi Daging Ayam Ras Petelur menurut Provinsi_,35,Jawa Timur,2002,,,,4974,
259,258,Produksi Daging Ayam Ras Petelur menurut Provinsi_,35,Jawa Timur,2003,,,,5852,
260,259,Produksi Daging Ayam Ras Petelur menurut Provinsi_,35,Jawa Timur,2004,,,,5800,
261,260,Produksi Daging Ayam Ras Petelur menurut Provinsi_,35,Jawa Timur,2005,,,,6884,
262,261,Produksi Daging Ayam Ras Petelur menurut Provinsi_,35,Jawa Timur,2006,,,,7336,
263,262,Produksi Daging Ayam Ras Petelur menurut Provinsi_,35,Jawa Timur,2007,,,,7887,
264,263,Produksi Daging Ayam Ras Petelur menurut Provinsi_,35,Jawa Timur,2008,,,,9072,
265,264,Produksi Daging Ayam Ras Petelur menurut Provinsi_,35,Jawa Timur,2009,,,,5425,
266,265,Produksi Daging Ayam Ras Petelur menurut Provinsi_,35,Jawa Timur,2010,,,,6877,
267,266,Produksi Daging Ayam Ras Petelur menurut Provinsi_,35,Jawa Timur,2011,,,,7075,
268,267,Produksi Daging Ayam Ras Petelur menurut Provinsi_,35,Jawa Timur,2012,,,,11155,
269,268,Produksi Daging Ayam Ras Petelur menurut Provinsi_,35,Jawa Timur,2013,,,,18552,
270,269,Produksi Daging Ayam Ras Petelur menurut Provinsi_,35,Jawa Timur,2014,,,,25726,
271,270,Produksi Daging Ayam Ras Petelur menurut Provinsi_,35,Jawa Timur,2015,,,,30312,
272,271,Produksi Daging Ayam Ras Petelur menurut Provinsi_,35,Jawa Timur,2016,,,,31089,
273,272,Produksi Daging Ayam Ras Petelur menurut Provinsi_,36,Banten,2000,,,,,
274,273,Produksi Daging Ayam Ras Petelur menurut Provinsi_,36,Banten,2001,,,,3238,
275,274,Produksi Daging Ayam Ras Petelur menurut Provinsi_,36,Banten,2002,,,,3853,
276,275,Produksi Daging Ayam Ras Petelur menurut Provinsi_,36,Banten,2003,,,,1478,
277,276,Produksi Daging Ayam Ras Petelur menurut Provinsi_,36,Banten,2004,,,,1235,
278,277,Produksi Daging Ayam Ras Petelur menurut Provinsi_,36,Banten,2005,,,,881,
279,278,Produksi Daging Ayam Ras Petelur menurut Provinsi_,36,Banten,2006,,,,2825,
280,279,Produksi Daging Ayam Ras Petelur menurut Provinsi_,36,Banten,2007,,,,2668,
281,280,Produksi Daging Ayam Ras Petelur menurut Provinsi_,36,Banten,2008,,,,2108,
282,281,Produksi Daging Ayam Ras Petelur menurut Provinsi_,36,Banten,2009,,,,1894,
283,282,Produksi Daging Ayam Ras Petelur menurut Provinsi_,36,Banten,2010,,,,1558,
284,283,Produksi Daging Ayam Ras Petelur menurut Provinsi_,36,Banten,2011,,,,2547,
285,284,Produksi Daging Ayam Ras Petelur menurut Provinsi_,36,Banten,2012,,,,1104,
286,285,Produksi Daging Ayam Ras Petelur menurut Provinsi_,36,Banten,2013,,,,2148,
287,286,Produksi Daging Ayam Ras Petelur menurut Provinsi_,36,Banten,2014,,,,3905,
288,287,Produksi Daging Ayam Ras Petelur menurut Provinsi_,36,Banten,2015,,,,4200,
289,288,Produksi Daging Ayam Ras Petelur menurut Provinsi_,36,Banten,2016,,,,4255,
290,289,Produksi Daging Ayam Ras Petelur menurut Provinsi_,51,Bali,2000,,,,1199,
291,290,Produksi Daging Ayam Ras Petelur menurut Provinsi_,51,Bali,2001,,,,18576,
292,291,Produksi Daging Ayam Ras Petelur menurut Provinsi_,51,Bali,2002,,,,1531,
293,292,Produksi Daging Ayam Ras Petelur menurut Provinsi_,51,Bali,2003,,,,2004,
294,293,Produksi Daging Ayam Ras Petelur menurut Provinsi_,51,Bali,2004,,,,2483,
295,294,Produksi Daging Ayam Ras Petelur menurut Provinsi_,51,Bali,2005,,,,1211,
296,295,Produksi Daging Ayam Ras Petelur menurut Provinsi_,51,Bali,2006,,,,2318,
297,296,Produksi Daging Ayam Ras Petelur menurut Provinsi_,51,Bali,2007,,,,1007,
298,297,Produksi Daging Ayam Ras Petelur menurut Provinsi_,51,Bali,2008,,,,1090,
299,298,Produksi Daging Ayam Ras Petelur menurut Provinsi_,51,Bali,2009,,,,1098,
300,299,Produksi Daging Ayam Ras Petelur menurut Provinsi_,51,Bali,2010,,,,1173,
301,300,Produksi Daging Ayam Ras Petelur menurut Provinsi_,51,Bali,2011,,,,1390,
302,301,Produksi Daging Ayam Ras Petelur menurut Provinsi_,51,Bali,2012,,,,1366,
303,302,Produksi Daging Ayam Ras Petelur menurut Provinsi_,51,Bali,2013,,,,2372,
304,303,Produksi Daging Ayam Ras Petelur menurut Provinsi_,51,Bali,2014,,,,2373,
305,304,Produksi Daging Ayam Ras Petelur menurut Provinsi_,51,Bali,2015,,,,2708,
306,305,Produksi Daging Ayam Ras Petelur menurut Provinsi_,51,Bali,2016,,,,2742,
307,306,Produksi Daging Ayam Ras Petelur menurut Provinsi_,52,Nusa Tenggara Barat,2000,,,,332,
308,307,Produksi Daging Ayam Ras Petelur menurut Provinsi_,52,Nusa Tenggara Barat,2001,,,,3036,
309,308,Produksi Daging Ayam Ras Petelur menurut Provinsi_,52,Nusa Tenggara Barat,2002,,,,160,
310,309,Produksi Daging Ayam Ras Petelur menurut Provinsi_,52,Nusa Tenggara Barat,2003,,,,3653,
311,310,Produksi Daging Ayam Ras Petelur menurut Provinsi_,52,Nusa Tenggara Barat,2004,,,,4439,
312,311,Produksi Daging Ayam Ras Petelur menurut Provinsi_,52,Nusa Tenggara Barat,2005,,,,7148,
313,312,Produksi Daging Ayam Ras Petelur menurut Provinsi_,52,Nusa Tenggara Barat,2006,,,,135,
314,313,Produksi Daging Ayam Ras Petelur menurut Provinsi_,52,Nusa Tenggara Barat,2007,,,,62,
315,314,Produksi Daging Ayam Ras Petelur menurut Provinsi_,52,Nusa Tenggara Barat,2008,,,,65,
316,315,Produksi Daging Ayam Ras Petelur menurut Provinsi_,52,Nusa Tenggara Barat,2009,,,,149,
317,316,Produksi Daging Ayam Ras Petelur menurut Provinsi_,52,Nusa Tenggara Barat,2010,,,,174,
318,317,Produksi Daging Ayam Ras Petelur menurut Provinsi_,52,Nusa Tenggara Barat,2011,,,,120,
319,318,Produksi Daging Ayam Ras Petelur menurut Provinsi_,52,Nusa Tenggara Barat,2012,,,,104,
320,319,Produksi Daging Ayam Ras Petelur menurut Provinsi_,52,Nusa Tenggara Barat,2013,,,,147,
321,320,Produksi Daging Ayam Ras Petelur menurut Provinsi_,52,Nusa Tenggara Barat,2014,,,,218,
322,321,Produksi Daging Ayam Ras Petelur menurut Provinsi_,52,Nusa Tenggara Barat,2015,,,,256,
323,322,Produksi Daging Ayam Ras Petelur menurut Provinsi_,52,Nusa Tenggara Barat,2016,,,,280,
324,323,Produksi Daging Ayam Ras Petelur menurut Provinsi_,53,Nusa Tenggara Timur,2000,,,,,
325,324,Produksi Daging Ayam Ras Petelur menurut Provinsi_,53,Nusa Tenggara Timur,2001,,,,142,
326,325,Produksi Daging Ayam Ras Petelur menurut Provinsi_,53,Nusa Tenggara Timur,2002,,,,61,
327,326,Produksi Daging Ayam Ras Petelur menurut Provinsi_,53,Nusa Tenggara Timur,2003,,,,62,
328,327,Produksi Daging Ayam Ras Petelur menurut Provinsi_,53,Nusa Tenggara Timur,2004,,,,69,
329,328,Produksi Daging Ayam Ras Petelur menurut Provinsi_,53,Nusa Tenggara Timur,2005,,,,63,
330,329,Produksi Daging Ayam Ras Petelur menurut Provinsi_,53,Nusa Tenggara Timur,2006,,,,63,
331,330,Produksi Daging Ayam Ras Petelur menurut Provinsi_,53,Nusa Tenggara Timur,2007,,,,66,
332,331,Produksi Daging Ayam Ras Petelur menurut Provinsi_,53,Nusa Tenggara Timur,2008,,,,58,
333,332,Produksi Daging Ayam Ras Petelur menurut Provinsi_,53,Nusa Tenggara Timur,2009,,,,20,
334,333,Produksi Daging Ayam Ras Petelur menurut Provinsi_,53,Nusa Tenggara Timur,2010,,,,78,
335,334,Produksi Daging Ayam Ras Petelur menurut Provinsi_,53,Nusa Tenggara Timur,2011,,,,132,
336,335,Produksi Daging Ayam Ras Petelur menurut Provinsi_,53,Nusa Tenggara Timur,2012,,,,108,
337,336,Produksi Daging Ayam Ras Petelur menurut Provinsi_,53,Nusa Tenggara Timur,2013,,,,34,
338,337,Produksi Daging Ayam Ras Petelur menurut Provinsi_,53,Nusa Tenggara Timur,2014,,,,34,
339,338,Produksi Daging Ayam Ras Petelur menurut Provinsi_,53,Nusa Tenggara Timur,2015,,,,34,
340,339,Produksi Daging Ayam Ras Petelur menurut Provinsi_,53,Nusa Tenggara Timur,2016,,,,34,
341,340,Produksi Daging Ayam Ras Petelur menurut Provinsi_,61,Kalimantan Barat,2000,,,,,
342,341,Produksi Daging Ayam Ras Petelur menurut Provinsi_,61,Kalimantan Barat,2001,,,,,
343,342,Produksi Daging Ayam Ras Petelur menurut Provinsi_,61,Kalimantan Barat,2002,,,,,
344,343,Produksi Daging Ayam Ras Petelur menurut Provinsi_,61,Kalimantan Barat,2003,,,,,
345,344,Produksi Daging Ayam Ras Petelur menurut Provinsi_,61,Kalimantan Barat,2004,,,,188,
346,345,Produksi Daging Ayam Ras Petelur menurut Provinsi_,61,Kalimantan Barat,2005,,,,368,
347,346,Produksi Daging Ayam Ras Petelur menurut Provinsi_,61,Kalimantan Barat,2006,,,,1852,
348,347,Produksi Daging Ayam Ras Petelur menurut Provinsi_,61,Kalimantan Barat,2007,,,,480,
349,348,Produksi Daging Ayam Ras Petelur menurut Provinsi_,61,Kalimantan Barat,2008,,,,526,
350,349,Produksi Daging Ayam Ras Petelur menurut Provinsi_,61,Kalimantan Barat,2009,,,,523,
351,350,Produksi Daging Ayam Ras Petelur menurut Provinsi_,61,Kalimantan Barat,2010,,,,935,
352,351,Produksi Daging Ayam Ras Petelur menurut Provinsi_,61,Kalimantan Barat,2011,,,,1484,
353,352,Produksi Daging Ayam Ras Petelur menurut Provinsi_,61,Kalimantan Barat,2012,,,,1289,
354,353,Produksi Daging Ayam Ras Petelur menurut Provinsi_,61,Kalimantan Barat,2013,,,,2496,
355,354,Produksi Daging Ayam Ras Petelur menurut Provinsi_,61,Kalimantan Barat,2014,,,,3411,
356,355,Produksi Daging Ayam Ras Petelur menurut Provinsi_,61,Kalimantan Barat,2015,,,,2738,
357,356,Produksi Daging Ayam Ras Petelur menurut Provinsi_,61,Kalimantan Barat,2016,,,,1834,
358,357,Produksi Daging Ayam Ras Petelur menurut Provinsi_,62,Kalimantan Tengah,2000,,,,5,
359,358,Produksi Daging Ayam Ras Petelur menurut Provinsi_,62,Kalimantan Tengah,2001,,,,6,
360,359,Produksi Daging Ayam Ras Petelur menurut Provinsi_,62,Kalimantan Tengah,2002,,,,3,
361,360,Produksi Daging Ayam Ras Petelur menurut Provinsi_,62,Kalimantan Tengah,2003,,,,2,
362,361,Produksi Daging Ayam Ras Petelur menurut Provinsi_,62,Kalimantan Tengah,2004,,,,6,
363,362,Produksi Daging Ayam Ras Petelur menurut Provinsi_,62,Kalimantan Tengah,2005,,,,6,
364,363,Produksi Daging Ayam Ras Petelur menurut Provinsi_,62,Kalimantan Tengah,2006,,,,20,
365,364,Produksi Daging Ayam Ras Petelur menurut Provinsi_,62,Kalimantan Tengah,2007,,,,163,
366,365,Produksi Daging Ayam Ras Petelur menurut Provinsi_,62,Kalimantan Tengah,2008,,,,170,
367,366,Produksi Daging Ayam Ras Petelur menurut Provinsi_,62,Kalimantan Tengah,2009,,,,22,
368,367,Produksi Daging Ayam Ras Petelur menurut Provinsi_,62,Kalimantan Tengah,2010,,,,276,
369,368,Produksi Daging Ayam Ras Petelur menurut Provinsi_,62,Kalimantan Tengah,2011,,,,11,
370,369,Produksi Daging Ayam Ras Petelur menurut Provinsi_,62,Kalimantan Tengah,2012,,,,29,
371,370,Produksi Daging Ayam Ras Petelur menurut Provinsi_,62,Kalimantan Tengah,2013,,,,41,
372,371,Produksi Daging Ayam Ras Petelur menurut Provinsi_,62,Kalimantan Tengah,2014,,,,21,
373,372,Produksi Daging Ayam Ras Petelur menurut Provinsi_,62,Kalimantan Tengah,2015,,,,35,
374,373,Produksi Daging Ayam Ras Petelur menurut Provinsi_,62,Kalimantan Tengah,2016,,,,35,
375,374,Produksi Daging Ayam Ras Petelur menurut Provinsi_,63,Kalimantan Selatan,2000,,,,261,
376,375,Produksi Daging Ayam Ras Petelur menurut Provinsi_,63,Kalimantan Selatan,2001,,,,284,
377,376,Produksi Daging Ayam Ras Petelur menurut Provinsi_,63,Kalimantan Selatan,2002,,,,221,
378,377,Produksi Daging Ayam Ras Petelur menurut Provinsi_,63,Kalimantan Selatan,2003,,,,824,
379,378,Produksi Daging Ayam Ras Petelur menurut Provinsi_,63,Kalimantan Selatan,2004,,,,305,
380,379,Produksi Daging Ayam Ras Petelur menurut Provinsi_,63,Kalimantan Selatan,2005,,,,197,
381,380,Produksi Daging Ayam Ras Petelur menurut Provinsi_,63,Kalimantan Selatan,2006,,,,722,
382,381,Produksi Daging Ayam Ras Petelur menurut Provinsi_,63,Kalimantan Selatan,2007,,,,641,
383,382,Produksi Daging Ayam Ras Petelur menurut Provinsi_,63,Kalimantan Selatan,2008,,,,1158,
384,383,Produksi Daging Ayam Ras Petelur menurut Provinsi_,63,Kalimantan Selatan,2009,,,,1485,
385,384,Produksi Daging Ayam Ras Petelur menurut Provinsi_,63,Kalimantan Selatan,2010,,,,1886,
386,385,Produksi Daging Ayam Ras Petelur menurut Provinsi_,63,Kalimantan Selatan,2011,,,,1329,
387,386,Produksi Daging Ayam Ras Petelur menurut Provinsi_,63,Kalimantan Selatan,2012,,,,2088,
388,387,Produksi Daging Ayam Ras Petelur menurut Provinsi_,63,Kalimantan Selatan,2013,,,,1529,
389,388,Produksi Daging Ayam Ras Petelur menurut Provinsi_,63,Kalimantan Selatan,2014,,,,3143,
390,389,Produksi Daging Ayam Ras Petelur menurut Provinsi_,63,Kalimantan Selatan,2015,,,,2202,
391,390,Produksi Daging Ayam Ras Petelur menurut Provinsi_,63,Kalimantan Selatan,2016,,,,2722,
392,391,Produksi Daging Ayam Ras Petelur menurut Provinsi_,64,Kalimantan Timur,2000,,,,395,
393,392,Produksi Daging Ayam Ras Petelur menurut Provinsi_,64,Kalimantan Timur,2001,,,,180,
394,393,Produksi Daging Ayam Ras Petelur menurut Provinsi_,64,Kalimantan Timur,2002,,,,212,
395,394,Produksi Daging Ayam Ras Petelur menurut Provinsi_,64,Kalimantan Timur,2003,,,,406,
396,395,Produksi Daging Ayam Ras Petelur menurut Provinsi_,64,Kalimantan Timur,2004,,,,265,
397,396,Produksi Daging Ayam Ras Petelur menurut Provinsi_,64,Kalimantan Timur,2005,,,,314,
398,397,Produksi Daging Ayam Ras Petelur menurut Provinsi_,64,Kalimantan Timur,2006,,,,331,
399,398,Produksi Daging Ayam Ras Petelur menurut Provinsi_,64,Kalimantan Timur,2007,,,,354,
400,399,Produksi Daging Ayam Ras Petelur menurut Provinsi_,64,Kalimantan Timur,2008,,,,426,
401,400,Produksi Daging Ayam Ras Petelur menurut Provinsi_,64,Kalimantan Timur,2009,,,,469,
402,401,Produksi Daging Ayam Ras Petelur menurut Provinsi_,64,Kalimantan Timur,2010,,,,1420,
403,402,Produksi Daging Ayam Ras Petelur menurut Provinsi_,64,Kalimantan Timur,2011,,,,1420,
404,403,Produksi Daging Ayam Ras Petelur menurut Provinsi_,64,Kalimantan Timur,2012,,,,716,
405,404,Produksi Daging Ayam Ras Petelur menurut Provinsi_,64,Kalimantan Timur,2013,,,,553,
406,405,Produksi Daging Ayam Ras Petelur menurut Provinsi_,64,Kalimantan Timur,2014,,,,310,
407,406,Produksi Daging Ayam Ras Petelur menurut Provinsi_,64,Kalimantan Timur,2015,,,,436,
408,407,Produksi Daging Ayam Ras Petelur menurut Provinsi_,64,Kalimantan Timur,2016,,,,515,
409,408,Produksi Daging Ayam Ras Petelur menurut Provinsi_,65,Kalimantan Utara,2000,,,,,
410,409,Produksi Daging Ayam Ras Petelur menurut Provinsi_,65,Kalimantan Utara,2001,,,,,
411,410,Produksi Daging Ayam Ras Petelur menurut Provinsi_,65,Kalimantan Utara,2002,,,,,
